(Intercept),mgmt_highest,"s(calcite, k = 6, bs = ""cr"")","s(currents_velocity_mean, k = 6, bs = ""cr"")","s(dhw_max_cumul, k = 6, bs = ""cr"")","s(diffuse_atn_max, k = 6, bs = ""cr"")","s(dissolved_oxygen, k = 6, bs = ""cr"")","s(gebco_depth, k = 6, bs = ""cr"")","s(method_cat, bs = ""re"")","s(par_max, k = 6, bs = ""cr"")","s(ph_mean, k = 6, bs = ""cr"")","s(region, bs = ""re"")","s(score_cn, k = 6, bs = ""cr"")","s(score_cy, k = 6, bs = ""cr"")","s(sst_annualtrend, k = 6, bs = ""cr"")","s(sst_kurtosis, k = 6, bs = ""cr"")","s(sst_max, k = 6, bs = ""cr"")","s(sst_range, k = 6, bs = ""cr"")","s(sst_skewness, k = 6, bs = ""cr"")","s(sst_var, k = 6, bs = ""cr"")","te(longitude, latitude, bs = ""gp"", k = c(10, 10), m = 2)",R^2,Dev_exp,df,logLik,AICc,delta,weight
-1.1553487889553016,+,NA,NA,NA,NA,NA,NA,+,+,+,+,NA,NA,NA,NA,NA,NA,NA,NA,+,0.44129341524694976,47.94123494237243,69,1248.7958984717209,-2352.4199413785855,0,0.283899589427779
-1.2055933534193366,+,NA,NA,+,NA,NA,NA,+,NA,NA,+,+,NA,NA,NA,NA,NA,NA,NA,+,0.44049437611113107,47.85774403163877,68,1247.6111438227958,-2352.2559182690375,0.1640231095479976,0.261545708706205
-1.1905374403886897,+,NA,NA,+,NA,NA,NA,+,NA,+,+,NA,NA,NA,NA,NA,NA,NA,NA,+,0.4398550843890443,47.7910603419498,68,1246.6644682726924,-2351.117121691879,1.3028196867062434,0.147999778026006
-1.1837739028858567,+,NA,NA,+,NA,NA,NA,+,+,NA,+,NA,NA,NA,NA,NA,NA,NA,NA,+,0.4400409489271253,47.810555086916075,68,1246.939588633063,-2350.6977906751763,1.72215070340917,0.120006422908508
-1.1719352181205798,+,NA,NA,NA,NA,NA,NA,+,NA,+,+,+,NA,NA,NA,NA,NA,NA,NA,+,0.43953431257241293,47.757587984010236,68,1246.1898701517584,-2349.286334531972,3.1336068466134748,0.0592530463560254
-1.197122247490259,+,NA,NA,+,+,NA,NA,+,NA,NA,+,NA,NA,NA,NA,NA,NA,NA,NA,+,0.4366094885827805,47.45225164236539,65,1241.8749327709832,-2348.220454696698,4.199486681887265,0.0347742536856914
-1.1988396014059932,+,NA,NA,+,NA,NA,NA,+,NA,NA,+,NA,NA,NA,+,NA,NA,NA,NA,+,0.43980185634411206,47.78568841270294,69,1246.5856958843297,-2347.723169950546,4.696771428039483,0.0271190085163453
-1.1508084741848446,+,NA,NA,NA,NA,NA,NA,+,NA,+,+,NA,+,NA,NA,NA,NA,NA,NA,+,0.4375992390144213,47.5557160899196,66,1243.332580097515,-2347.152706796051,5.267234582534456,0.02038915875528
-1.2089983091272671,+,+,NA,+,NA,NA,NA,+,NA,NA,+,NA,NA,NA,NA,NA,NA,NA,NA,+,0.43820216978826254,47.618572007416155,67,1244.221799606153,-2347.082574603095,5.337366775490409,0.019686580870371
-1.1647651428399217,+,NA,NA,NA,NA,NA,NA,+,NA,+,+,NA,NA,NA,NA,NA,NA,+,NA,+,0.4393409447233393,47.73742847566854,69,1245.9039038495878,-2347.0292353382083,5.390706040377154,0.0191684863974338
-1.1961058102792415,+,NA,NA,+,NA,NA,NA,+,NA,NA,+,NA,+,NA,NA,NA,NA,NA,NA,+,0.4358419473730587,47.372253131349055,66,1240.7463042020145,-2342.412528395456,10.007412983129598,0.00190582336104903
-1.1714068760912755,+,+,NA,NA,NA,NA,NA,+,NA,+,+,NA,NA,NA,NA,NA,NA,NA,NA,+,0.4364049670672412,47.43094134696293,67,1241.5740445491363,-2341.3453878146815,11.074553563903919,0.00111777917277034
-1.157197084674544,+,NA,NA,NA,NA,NA,NA,+,NA,+,+,NA,NA,NA,+,NA,NA,NA,NA,+,0.43698146591188924,47.49122329843344,68,1242.4224589441283,-2341.1689666413345,11.250974737251,0.00102340289753347
-1.1936421064643095,+,NA,NA,+,NA,NA,+,+,NA,NA,+,NA,NA,NA,NA,NA,NA,NA,NA,+,0.43537340161873794,47.32319287231439,66,1240.058087096487,-2340.473025874981,11.946915503604487,0.00072264503799636
-1.1914993140561252,+,NA,NA,+,NA,NA,NA,+,NA,NA,+,NA,NA,NA,NA,NA,+,NA,NA,+,0.4362861426849901,47.4186229752327,68,1241.3992824868424,-2339.439111541373,12.98082983721224,0.000430936599203762
-1.170895515525959,+,NA,NA,+,NA,NA,NA,+,NA,NA,+,NA,NA,NA,NA,NA,NA,NA,+,+,0.43337076825124077,47.11389782988131,65,1237.1229688823612,-2338.833800054098,13.586141324487471,0.000318398974772754
-1.152752230949796,+,NA,NA,NA,+,NA,NA,+,NA,+,+,NA,NA,NA,NA,NA,NA,NA,NA,+,0.43281919648844924,47.05624430083317,64,1236.316391037387,-2338.338861764308,14.081079614277314,0.000248597740250862
-1.1554284129213352,+,NA,NA,NA,NA,NA,+,+,NA,+,+,NA,NA,NA,NA,NA,NA,NA,NA,+,0.434661436098871,47.248823295640534,67,1239.0134186168275,-2338.25718720445,14.162754174135443,0.000238650182747342
-1.1922243430225774,+,NA,NA,+,NA,NA,NA,+,NA,NA,+,NA,NA,NA,NA,NA,NA,+,NA,+,0.4368899981734615,47.481564704630834,71,1242.2877909148492,-2334.046519443133,18.37342193545237,2.906878530569e-05
-1.143041957456584,+,NA,NA,NA,NA,NA,NA,+,+,NA,+,NA,NA,NA,NA,NA,NA,+,NA,+,0.4361273322896426,47.40216904341015,70,1241.1657681343884,-2333.9656465841153,18.454294794470115,2.79167955582656e-05
-1.1486023250969482,+,NA,NA,NA,NA,NA,NA,+,NA,+,+,NA,NA,NA,NA,NA,NA,NA,+,+,0.43111292358461173,46.8778337813957,64,1233.826220642016,-2333.1514286612646,19.268512717320846,1.85806280931694e-05
-1.1899794432948874,+,NA,NA,+,NA,NA,NA,+,NA,NA,+,NA,NA,+,NA,NA,NA,NA,NA,+,0.430845989849696,46.84990340648993,64,1233.437327704994,-2333.0447541142153,19.375187264370197,1.7615554040901e-05
-1.1530712888448544,+,NA,NA,NA,NA,NA,NA,+,+,NA,+,NA,NA,NA,NA,NA,+,NA,NA,+,0.43425417520425813,47.20659932173889,69,1238.4164352270855,-2332.152201893241,20.267739485344464,1.12740785117594e-05
-1.1983324111633764,+,NA,+,+,NA,NA,NA,+,NA,NA,+,NA,NA,NA,NA,NA,NA,NA,NA,+,0.43056643576488707,46.82066862281011,64,1233.0302437947578,-2331.9724401877306,20.447501190854837,1.03049596715039e-05
-1.1600903980595616,+,NA,NA,NA,NA,NA,NA,+,+,NA,+,+,NA,NA,NA,NA,NA,NA,NA,+,0.434215349210857,47.20237570968183,69,1238.359544583419,-2331.842425961814,20.577515416771348,9.65637373395504e-06
-1.1944105382535444,+,NA,NA,+,NA,+,NA,+,NA,NA,+,NA,NA,NA,NA,NA,NA,NA,NA,+,0.43042452067979575,46.80582552357137,64,1232.8236649149585,-2331.74235318134,20.677588197245313,9.18509257593657e-06
-1.1503960904411106,+,NA,NA,NA,NA,NA,NA,+,+,NA,+,NA,+,NA,NA,NA,NA,NA,NA,+,0.43305639863855616,47.08149083073637,68,1236.663161787511,-2330.8654631660393,21.5544782125462,5.92473991586303e-06
-1.198415599710339,+,NA,NA,+,NA,NA,NA,+,NA,NA,+,NA,NA,NA,NA,+,NA,NA,NA,+,0.4313431496161182,46.9019176193099,66,1234.1617811038645,-2329.991433345365,22.428508033220623,3.82715565957883e-06
-1.1595472877893158,+,NA,NA,NA,NA,+,NA,+,NA,+,+,NA,NA,NA,NA,NA,NA,NA,NA,+,0.4293931526819249,46.69792856290102,64,1231.323897231391,-2328.310595429444,24.109345949141243,1.65153130589064e-06
-1.1646284083862952,+,NA,NA,NA,NA,NA,NA,+,NA,+,+,NA,NA,NA,NA,+,NA,NA,NA,+,0.4312199639233646,46.88904345211222,67,1233.9822178403417,-2327.9852893136413,24.434652064944203,1.40361333296491e-06
-1.1583964479571625,+,NA,NA,NA,NA,NA,NA,+,NA,NA,+,+,NA,NA,NA,NA,NA,+,NA,+,0.4336913492082819,47.147500439371285,70,1237.5921236781815,-2327.641095671611,24.778845706974607,1.18169877472406e-06
-1.1584920882435303,+,NA,NA,NA,NA,NA,NA,+,NA,+,+,NA,NA,+,NA,NA,NA,NA,NA,+,0.42887195128413247,46.643384163914575,64,1230.5670210243404,-2327.1862574886213,25.23368388996414,9.4132572770043e-07
-1.1741016770949875,+,+,NA,NA,NA,NA,NA,+,NA,NA,+,NA,NA,NA,NA,NA,+,NA,NA,+,0.43135233328176315,46.90303867968255,68,1234.17516935425,-2326.3520780844556,26.067863294129893,6.20297702544609e-07
-1.1657624524112953,+,NA,NA,NA,NA,NA,NA,+,NA,+,+,NA,NA,NA,NA,NA,+,NA,NA,+,0.43296019939640495,47.07103553290858,70,1236.5225086319242,-2325.664833918187,26.75510746039845,4.39913204545476e-07
-1.1514837535736024,+,NA,NA,NA,+,NA,NA,+,+,NA,+,NA,NA,NA,NA,NA,NA,NA,NA,+,0.4288456623332281,46.640774327102264,65,1230.5288631387539,-2325.0658903019703,27.35405107661518,3.26067898389532e-07
-1.158783270603425,+,NA,NA,NA,NA,NA,NA,+,NA,NA,+,NA,+,NA,NA,NA,+,NA,NA,+,0.4302867282720325,46.791813559718015,67,1232.6231364598366,-2324.854090138278,27.56585124030744,2.93302809569052e-07
-1.1580680674353878,+,NA,NA,NA,NA,NA,NA,+,NA,NA,+,+,+,NA,NA,NA,NA,NA,NA,+,0.43067554007396847,46.83228704787862,67,1233.1890966337037,-2324.83315865917,27.586782719415623,2.90249185841268e-07
-1.1635037490445777,+,NA,+,NA,NA,NA,NA,+,NA,+,+,NA,NA,NA,NA,NA,NA,NA,NA,+,0.4302534758695672,46.78794192684824,67,1232.5747517046188,-2324.6452257729497,27.77471560563572,2.64217696801136e-07
-1.1695969014351146,+,NA,NA,NA,NA,NA,NA,+,NA,NA,+,+,NA,NA,NA,NA,+,NA,NA,+,0.43050200514998826,46.81411098094962,67,1232.9364489053598,-2324.1749713912814,28.244969987304103,2.08856242757821e-07
-1.1673525292260827,+,+,NA,NA,NA,NA,NA,+,NA,NA,+,NA,NA,NA,NA,NA,NA,+,NA,+,0.4315275705964027,46.921255475897574,69,1234.430677519978,-2323.493008734587,28.926932643998498,1.4851186488356e-07
-1.1570489175876477,+,NA,NA,NA,NA,NA,NA,+,NA,NA,+,NA,+,NA,NA,NA,NA,+,NA,+,0.4280833072315776,46.5610359519116,64,1229.42308325956,-2323.458627051152,28.961314327433684,1.45980640198996e-07
-1.158904241054348,+,NA,NA,NA,NA,NA,NA,+,+,NA,+,NA,NA,NA,+,NA,NA,NA,NA,+,0.4279897016614873,46.55119286858297,65,1229.2874119826668,-2322.9466515633576,29.473289815227872,1.13011125276697e-07
-1.1513956929104376,+,NA,NA,NA,NA,NA,+,+,+,NA,+,NA,NA,NA,NA,NA,NA,NA,NA,+,0.42935195330881215,46.693851138380616,67,1231.2640433275792,-2321.950999021873,30.468942356712432,6.86938720733543e-08
-1.142690896139584,+,NA,NA,NA,NA,NA,NA,+,+,NA,+,NA,NA,NA,NA,NA,NA,NA,+,+,0.4279855307532874,46.55075171862889,65,1229.281367213365,-2321.899209238609,30.520732139976644,6.69378853643003e-08
-1.1480498888463426,+,NA,NA,NA,NA,NA,NA,+,NA,NA,+,NA,NA,NA,NA,NA,+,+,NA,+,0.4303879573399617,46.802254848021754,68,1232.7704497802279,-2321.68565836511,30.734283013475306,6.015891646059e-08
-1.163626598629872,+,NA,NA,NA,+,NA,NA,+,NA,NA,+,NA,NA,NA,NA,NA,+,NA,NA,+,0.4260774625321557,46.35095052490731,64,1226.5206744215784,-2319.6865387888247,32.73340258976077,2.21409731429144e-08
-1.1651534420944754,+,+,NA,NA,NA,NA,NA,+,NA,NA,+,NA,+,NA,NA,NA,NA,NA,NA,+,0.4268955388323933,46.436623395288954,65,1227.7031842817573,-2319.292657631484,33.1272837471015,1.81830401857125e-08
-1.1754805158912063,+,+,NA,NA,NA,NA,NA,+,NA,NA,+,+,NA,NA,NA,NA,NA,NA,NA,+,0.4280733794620005,46.5598203616924,66,1229.4086929652183,-2319.2821687804103,33.13777259817516,1.8087930202031e-08
-1.1470294038106505,+,NA,NA,NA,NA,NA,NA,+,+,NA,+,NA,NA,+,NA,NA,NA,NA,NA,+,0.42647229471265347,46.39224559580504,64,1227.0911843719966,-2319.183715116725,33.23622626186034,1.72190795351215e-08
-1.1538849624797145,+,NA,NA,NA,+,NA,NA,+,NA,NA,+,NA,NA,NA,NA,NA,NA,+,NA,+,0.4277296509435582,46.523863935112516,66,1228.9106127256566,-2318.9707406886546,33.449200689930876,1.54797207762765e-08
-1.1569089784928976,+,NA,NA,NA,NA,NA,NA,+,+,NA,+,NA,NA,NA,NA,+,NA,NA,NA,+,0.4282885366386271,46.58254534555725,67,1229.7206190964637,-2318.3204886407148,34.099452737870706,1.11831122585894e-08
-1.1692182804448958,+,NA,NA,NA,+,NA,NA,+,NA,NA,+,+,NA,NA,NA,NA,NA,NA,NA,+,0.4260725303431091,46.35036697303595,64,1226.513550172427,-2317.8496423164893,34.57029906209618,8.83730215697231e-09
-1.1541049698435712,+,NA,NA,NA,NA,+,NA,+,+,NA,+,NA,NA,NA,NA,NA,NA,NA,NA,+,0.42643415820290986,46.38833099755571,65,1227.0360621604395,-2317.5388019545153,34.88113942407017,7.56522026560057e-09
-1.162875198807403,+,+,NA,NA,NA,NA,NA,+,+,NA,+,NA,NA,NA,NA,NA,NA,NA,NA,+,0.43221858216842446,46.99360675143882,73,1235.438988585717,-2317.463199476723,34.95674190186264,7.28458319830023e-09
-1.1623037181493037,+,NA,NA,NA,NA,NA,NA,+,NA,NA,+,NA,NA,NA,+,NA,NA,+,NA,+,0.4310498146305368,46.871492077033786,71,1233.7342614054207,-2317.197123291348,35.222818087237556,6.37715537306057e-09
-1.144164455188167,+,NA,NA,NA,NA,NA,NA,+,NA,NA,+,NA,NA,NA,NA,NA,+,NA,+,+,0.42494251795941984,46.23206805494377,63,1224.8829273052997,-2316.8869777560226,35.532963622562875,5.46109524506474e-09
-1.148089853646184,+,NA,NA,NA,NA,NA,+,+,NA,NA,+,NA,NA,NA,NA,NA,NA,+,NA,+,0.42819631520124923,46.572824491376494,68,1229.5869058319302,-2316.3542319928633,36.06570938572213,4.18403663372639e-09
-1.1553118346785305,+,NA,+,NA,NA,NA,NA,+,+,NA,+,NA,NA,NA,NA,NA,NA,NA,NA,+,0.4277066158460163,46.52159062117629,68,1228.8772443857195,-2315.6947822913207,36.72515908726473,3.0088310011793e-09
-1.1761318729538364,+,NA,NA,NA,NA,NA,NA,+,NA,NA,+,+,NA,NA,+,NA,NA,NA,NA,+,0.42459132947976486,46.195212393659205,64,1224.3768102708632,-2314.552777020846,37.86716435773951,1.69986527239006e-09
-1.1647642324682481,+,NA,NA,NA,NA,NA,+,+,NA,NA,+,+,NA,NA,NA,NA,NA,NA,NA,+,0.42617289935587555,46.360945745455915,66,1226.6585392039647,-2313.983971088771,38.43597028981458,1.2790863453294e-09
-1.1600577624229407,+,NA,NA,NA,NA,NA,+,+,NA,NA,+,NA,NA,NA,NA,NA,+,NA,NA,+,0.42584945713746725,46.327188746891636,66,1226.1913983886845,-2313.859224771628,38.56071660695761,1.20174284238072e-09
-1.1591747089613735,+,NA,NA,NA,NA,NA,NA,+,NA,NA,+,+,NA,NA,NA,NA,NA,NA,+,+,0.4242457707077819,46.15901158176136,64,1223.87910793764,-2312.7728516469115,39.64708973167399,6.98085500212099e-10
-1.146509854394357,+,NA,NA,NA,NA,NA,NA,+,NA,NA,+,NA,+,NA,NA,NA,NA,NA,+,+,0.42308918754176095,46.037985632896365,63,1222.2154715269191,-2312.669395316672,39.75054606191361,6.62892889795328e-10
-1.1563192542020233,+,NA,NA,NA,+,NA,NA,+,NA,NA,+,NA,+,NA,NA,NA,NA,NA,NA,+,0.42315984770258197,46.045326483434145,63,1222.3170138444266,-2312.5709074442534,39.849033934332056,6.31040148356255e-10
-1.1727201682580115,+,NA,NA,NA,NA,NA,NA,+,NA,NA,+,+,NA,NA,NA,+,NA,NA,NA,+,0.4255486896828442,46.29554471201395,66,1225.7572423320994,-2312.080700934792,40.33924044379364,4.93866991195257e-10
-1.1746577377223453,+,+,NA,NA,NA,NA,NA,+,NA,NA,+,NA,NA,NA,+,NA,NA,NA,NA,+,0.4281987365887815,46.573100812312546,70,1229.590416362848,-2311.77147978414,40.64846159444551,4.23119928178669e-10
-1.1625976503673923,+,NA,NA,NA,NA,NA,NA,+,NA,NA,+,+,NA,+,NA,NA,NA,NA,NA,+,0.42338341724653006,46.06861128709117,64,1222.6383768372843,-2311.5897777532246,40.83016362536091,3.86373547659868e-10
-1.1702135424467055,+,NA,+,NA,NA,NA,NA,+,NA,NA,+,+,NA,NA,NA,NA,NA,NA,NA,+,0.42498921227219855,46.23693696306537,67,1224.9502443269625,-2309.9916760797387,42.42826529884678,1.7377368727877e-10
-1.170637203003053,+,NA,NA,NA,NA,+,NA,+,NA,NA,+,+,NA,NA,NA,NA,NA,NA,NA,+,0.42307355035634064,46.03616684443475,64,1222.1930017607917,-2309.648604934545,42.77133644404057,1.46381793465315e-10
-1.1643826308934655,+,NA,NA,NA,NA,NA,NA,+,NA,NA,+,NA,+,NA,+,NA,NA,NA,NA,+,0.42197680840966756,45.921350568989936,63,1220.6185619503967,-2309.566463291842,42.85347808674351,1.40491559307574e-10
-1.1568925527462541,+,NA,NA,NA,NA,NA,+,+,NA,NA,+,NA,+,NA,NA,NA,NA,NA,NA,+,0.42344782850472273,46.07562325684674,65,1222.73098589021,-2309.343375562519,43.07656581606625,1.2566297808057e-10
-1.153003712038146,+,NA,NA,NA,NA,NA,NA,+,NA,NA,+,NA,+,+,NA,NA,NA,NA,NA,+,0.4211430908839704,45.83387148315589,62,1219.423707015938,-2309.0612589538387,43.3586824247468,1.09130590366505e-10
-1.1681183502478594,+,+,NA,NA,NA,NA,NA,+,NA,NA,+,NA,NA,+,NA,NA,NA,NA,NA,+,0.42191278031545065,45.91445704732091,63,1220.526738038697,-2308.8124504652237,43.607490913361744,9.63648007565439e-11
-1.16247214865979,+,+,NA,NA,NA,NA,NA,+,NA,NA,+,NA,NA,NA,NA,NA,NA,NA,+,+,0.4231870658305409,46.04804998128208,65,1222.3561310250536,-2308.6285842571365,43.79135712144898,8.79007110103834e-11
-1.1432887013180013,+,NA,NA,NA,NA,NA,NA,+,NA,NA,+,NA,NA,NA,NA,NA,NA,+,+,+,0.4234614475868558,46.07683222831469,65,1222.7505684240987,-2307.9810068124825,44.438934566102944,6.35876437739088e-11
-1.1701206670699,+,NA,NA,NA,+,NA,NA,+,NA,NA,+,NA,NA,NA,+,NA,NA,NA,NA,+,0.4191712285848942,45.62694265665398,60,1216.6045372206227,-2307.855009740014,44.56493163857158,5.97052905232725e-11
-1.1551435079347945,+,NA,NA,NA,NA,NA,NA,+,NA,NA,+,NA,NA,+,NA,NA,+,NA,NA,+,0.4210846226127455,45.82766088980689,63,1219.3399769120967,-2307.354841175412,45.06510020317364,4.64946081753258e-11
-1.1678271677072296,+,+,NA,NA,NA,NA,+,+,NA,NA,+,NA,NA,NA,NA,NA,NA,NA,NA,+,0.4222933468592299,45.95437525391262,64,1221.0726652729768,-2307.2681279704343,45.151813408151156,4.45218353194157e-11
-1.1507873821013672,+,NA,NA,NA,+,NA,NA,+,NA,NA,+,NA,NA,NA,NA,NA,NA,NA,+,+,0.4191356271935167,45.623205673690784,60,1216.553725948114,-2307.150177103703,45.26976427488262,4.19720666306559e-11
-1.1774123294478476,+,+,+,NA,NA,NA,NA,+,NA,NA,+,NA,NA,NA,NA,NA,NA,NA,NA,+,0.4238390778443635,46.116397173957225,67,1223.2937377437352,-2306.583652075086,45.8362893034996,3.1618481350229e-11
-1.1646845247012634,+,NA,+,NA,NA,NA,NA,+,NA,NA,+,NA,NA,NA,NA,NA,+,NA,NA,+,0.42137525876089477,45.85819278035763,64,1219.7562689576193,-2306.096971833565,46.32296954502044,2.47890415300593e-11
-1.1638674004662521,+,NA,NA,NA,NA,NA,NA,+,NA,NA,+,NA,NA,NA,NA,+,+,NA,NA,+,0.4211360346774393,45.83309588111438,63,1219.413601652299,-2305.9376551548894,46.482286223696065,2.28909890622327e-11
-1.1627883209029113,+,NA,NA,NA,NA,+,NA,+,NA,NA,+,NA,NA,NA,NA,NA,+,NA,NA,+,0.4211043060098253,45.82978797185046,63,1219.3681637840036,-2305.788029831185,46.63191154740025,2.12409448646669e-11
-1.1733443474211918,+,+,NA,NA,NA,+,NA,+,NA,NA,+,NA,NA,NA,NA,NA,NA,NA,NA,+,0.4217577743224806,45.89822028358322,65,1220.3044830931756,-2305.1704615966487,47.24947978193677,1.55980602452317e-11
-1.1637287076197311,+,NA,NA,NA,NA,NA,NA,+,NA,NA,+,NA,+,NA,NA,+,NA,NA,NA,+,0.4215467665447028,45.87628041225256,64,1220.002025867573,-2305.057076398354,47.36286498023128,1.4738365090983e-11
-1.168488310412258,+,+,NA,NA,+,NA,NA,+,NA,NA,+,NA,NA,NA,NA,NA,NA,NA,NA,+,0.4202958166227806,45.744899425844054,63,1218.2111848756801,-2304.731149192531,47.68879218605434,1.25220408704716e-11
-1.1569639329404158,+,NA,NA,NA,NA,NA,NA,+,NA,NA,+,NA,NA,NA,NA,+,NA,+,NA,+,0.42331195969865243,46.061207196318236,67,1222.535648891723,-2304.618614375354,47.80132700323156,1.18369139885358e-11
-1.166328316220056,+,NA,+,NA,+,NA,NA,+,NA,NA,+,NA,NA,NA,NA,NA,NA,NA,NA,+,0.4204484565113198,45.760955674919,63,1218.4294947194837,-2304.591039208168,47.82890217041768,1.16748314781303e-11
-1.1674893928144843,+,NA,NA,NA,NA,NA,+,+,NA,NA,+,NA,NA,NA,+,NA,NA,NA,NA,+,0.4195731493660153,45.6691483257667,62,1217.1783856214872,-2304.301292724351,48.118648654234676,1.01002697066652e-11
-1.1477711603614507,+,NA,NA,NA,NA,NA,+,+,NA,NA,+,NA,NA,NA,NA,NA,NA,NA,+,+,0.41963801895356023,45.67595583318925,62,1217.2710413856762,-2303.976397823373,48.44354355521227,8.58584293627668e-12
-1.157734627097427,+,NA,NA,NA,NA,+,NA,+,NA,NA,+,NA,+,NA,NA,NA,NA,NA,NA,+,0.4203170067348828,45.74728050412438,63,1218.241488131208,-2303.9499117411333,48.47002963745217,8.47288983727667e-12
-1.1778285977642071,+,+,NA,NA,NA,NA,NA,+,NA,NA,+,NA,NA,NA,NA,+,NA,NA,NA,+,0.4235123255702341,46.082165568456134,67,1222.8237286823237,-2303.814068851724,48.605872526861276,7.91650793113562e-12
-1.1504095016609361,+,NA,NA,NA,NA,NA,NA,+,NA,NA,+,NA,NA,NA,+,NA,NA,NA,+,+,0.42152784975516455,45.874222697518185,65,1219.9749160491706,-2303.2078091316926,49.21213224689291,5.8463663458228e-12
-1.1621043447964488,+,NA,NA,NA,+,NA,+,+,NA,NA,+,NA,NA,NA,NA,NA,NA,NA,NA,+,0.4192089011516813,45.630923753262245,62,1216.658307922514,-2303.1813484339004,49.238592944685024,5.76952631038278e-12
-1.1600636324838698,+,NA,+,NA,NA,NA,NA,+,NA,NA,+,NA,+,NA,NA,NA,NA,NA,NA,+,0.4211719715651302,45.836978549951425,65,1219.4650690202445,-2301.7090297635095,50.71091161507593,2.76331389672621e-12
-1.163599545588303,+,NA,+,NA,NA,NA,+,+,NA,NA,+,NA,NA,NA,NA,NA,NA,NA,NA,+,0.42071549810302533,45.789036147960005,65,1218.811563406981,-2301.6862585674603,50.73368281112516,2.73203034440267e-12
-1.1671569758033853,+,NA,NA,NA,+,NA,NA,+,NA,NA,+,NA,NA,NA,NA,+,NA,NA,NA,+,0.418459767676856,45.55231436331332,62,1215.5897111808347,-2301.5161433166363,50.903798061949146,2.50925883145112e-12
-1.154935383590929,+,NA,NA,NA,NA,+,NA,+,NA,NA,+,NA,NA,NA,NA,NA,NA,+,NA,+,0.4215756915085078,45.879157486673684,66,1220.0434802032826,-2301.4912028030117,50.92873857557379,2.4781620249764e-12
-1.1633499292883385,+,NA,NA,NA,NA,NA,NA,+,NA,NA,+,NA,NA,+,+,NA,NA,NA,NA,+,0.4156654134889627,45.25895193785758,59,1211.615829902716,-2299.3516520202725,53.068289358312995,8.5022162778102e-13
-1.1579870566136308,+,NA,NA,NA,+,NA,NA,+,NA,NA,+,NA,NA,+,NA,NA,NA,NA,NA,+,0.417740414463191,45.476791374986746,62,1214.5648890749667,-2298.69520428988,53.7247370887053,6.12331124235033e-13
-1.1642738149123033,+,NA,NA,NA,NA,NA,+,+,NA,NA,+,NA,NA,NA,NA,+,NA,NA,NA,+,0.41862934891999337,45.57016740350509,64,1215.8314886954554,-2297.737084098252,54.68285728033334,3.79256627385311e-13
-1.1709938260470116,+,NA,NA,NA,NA,+,NA,+,NA,NA,+,NA,NA,NA,+,NA,NA,NA,NA,+,0.4154479449266719,45.23612213234697,60,1211.3073629670776,-2297.716560539395,54.703380839190686,3.75384680040632e-13
-1.1608315950129706,+,NA,NA,NA,NA,+,+,+,NA,NA,+,NA,NA,NA,NA,NA,NA,NA,NA,+,0.4171684115666241,45.416797511396005,62,1213.7508919390402,-2297.5539789166596,54.86596246192585,3.46076726116925e-13
-1.1521043964899298,+,NA,NA,NA,NA,NA,NA,+,NA,NA,+,NA,NA,+,NA,NA,NA,+,NA,+,0.4207219463201616,45.78960242338683,67,1218.8207913454817,-2297.5351725103164,54.88476886826902,3.42837748596031e-13
-1.1533368351406021,+,NA,NA,NA,NA,NA,NA,+,NA,NA,+,NA,NA,NA,NA,+,NA,NA,+,+,0.41708973428517304,45.40852825917176,62,1213.6389915792995,-2297.5329005451213,54.8870408334642,3.42448512004684e-13
-1.1478609524141248,+,NA,NA,NA,NA,NA,NA,+,NA,NA,+,NA,NA,+,NA,NA,NA,NA,+,+,0.4152230421157307,45.212495339694044,60,1210.9884716533356,-2297.152764638749,55.267176739836486,2.83171681835774e-13
-1.17250791129014,+,NA,NA,NA,NA,NA,NA,+,NA,NA,+,NA,NA,NA,+,+,NA,NA,NA,+,0.41662477717027957,45.359707028737134,62,1212.9780051013695,-2296.6221889422495,55.79775243633594,2.17188472848691e-13
-1.1512984486836848,+,NA,NA,NA,NA,+,NA,+,NA,NA,+,NA,NA,NA,NA,NA,NA,NA,+,+,0.4153288465272079,45.223614748720195,60,1211.1384772098065,-2296.5924601899596,55.827481188625825,2.13983977111394e-13
-1.1574913326223029,+,NA,+,NA,NA,NA,NA,+,NA,NA,+,NA,NA,NA,NA,NA,NA,+,NA,+,0.42192133312702407,45.915398673916044,69,1220.53900320043,-2296.158750700371,56.26119067821446,1.72267137009204e-13
-1.1627564636094951,+,NA,NA,NA,+,+,NA,+,NA,NA,+,NA,NA,NA,NA,NA,NA,NA,NA,+,0.41689627845736443,45.38819431348626,62,1213.3639093170325,-2295.8296134860243,56.59032789256116,1.46127245541691e-13
-1.152789893186834,+,NA,+,NA,NA,NA,NA,+,NA,NA,+,NA,NA,NA,NA,NA,NA,NA,+,+,0.41672211548975113,45.36992469494853,63,1213.1163383668818,-2294.8235448605983,57.59639651798716,8.83621291194834e-14
-1.1546810529244533,+,NA,NA,NA,NA,NA,+,+,NA,NA,+,NA,NA,+,NA,NA,NA,NA,NA,+,0.41748088508314984,45.449564954489205,64,1214.195462917825,-2293.962016710181,58.4579246684043,5.74364660712578e-14
-1.1718429438719367,+,NA,+,NA,NA,NA,NA,+,NA,NA,+,NA,NA,NA,+,NA,NA,NA,NA,+,0.41614331027897256,45.30914629502998,62,1212.294103177101,-2293.6322937157065,58.78764766287895,4.87067635210375e-14
-1.1568867632834954,+,NA,NA,NA,NA,+,NA,+,NA,NA,+,NA,NA,+,NA,NA,NA,NA,NA,+,0.4132059019810519,45.00059694868612,59,1208.1338247830768,-2292.17660144493,60.243339933655534,2.35228377030501e-14
-1.1599543550194473,+,NA,NA,NA,NA,NA,NA,+,NA,NA,+,NA,NA,+,NA,+,NA,NA,NA,+,0.41444412969657884,45.13068622453249,61,1209.8849932662208,-2292.1386357758256,60.28130560275986,2.30805190796657e-14
-1.1669240946528552,+,NA,NA,NA,NA,+,NA,+,NA,NA,+,NA,NA,NA,NA,+,NA,NA,NA,+,0.4146501047494423,45.152345548513345,62,1210.1766534930441,-2290.988479337195,61.43146204139066,1.298650462549e-14
-1.1652531061240363,+,NA,+,NA,NA,+,NA,+,NA,NA,+,NA,NA,NA,NA,NA,NA,NA,NA,+,0.4147905568738981,45.16709305539999,62,1210.3755922531998,-2289.7964568352545,62.62348454333096,7.15563001508561e-15
-1.15903084812614,+,NA,+,NA,NA,NA,NA,+,NA,NA,+,NA,NA,+,NA,NA,NA,NA,NA,+,0.414505717925426,45.13715367590317,62,1209.972191310912,-2289.5217221134058,62.898219265179705,6.2372045962064e-15
-1.1684742203626812,+,NA,+,NA,NA,NA,NA,+,NA,NA,+,NA,NA,NA,NA,+,NA,NA,NA,+,0.4158399116167718,45.277319199648844,64,1211.8634287187606,-2288.8119735575037,63.60796782108173,4.37391208534218e-15
